Compound,Date,Negative,Neutral,Positive,Tweets Ago,User
0.0,Tue Apr 10 23:48:43 +0000 2018,1.0,0.0,0.0,1,@BBCNews
-0.382,Tue Apr 10 23:45:33 +0000 2018,0.794,0.206,0.0,2,@BBCNews
-0.296,Tue Apr 10 23:30:22 +0000 2018,0.804,0.196,0.0,3,@BBCNews
0.434,Tue Apr 10 23:05:50 +0000 2018,0.793,0.0,0.207,4,@BBCNews
0.625,Tue Apr 10 22:04:51 +0000 2018,0.843,0.0,0.157,5,@BBCNews
0.44,Tue Apr 10 22:04:46 +0000 2018,0.873,0.0,0.127,6,@BBCNews
-0.844,Tue Apr 10 22:04:42 +0000 2018,0.74,0.26,0.0,7,@BBCNews
-0.402,Tue Apr 10 22:04:19 +0000 2018,0.828,0.172,0.0,8,@BBCNews
0.34,Tue Apr 10 21:55:29 +0000 2018,0.82,0.061,0.119,9,@BBCNews
0.0,Tue Apr 10 21:49:28 +0000 2018,1.0,0.0,0.0,10,@BBCNews
-0.768,Tue Apr 10 21:48:27 +0000 2018,0.803,0.197,0.0,11,@BBCNews
-0.026,Tue Apr 10 21:48:21 +0000 2018,0.781,0.112,0.108,12,@BBCNews
-0.128,Tue Apr 10 21:40:57 +0000 2018,0.927,0.073,0.0,13,@BBCNews
-0.103,Tue Apr 10 21:40:42 +0000 2018,0.779,0.123,0.097,14,@BBCNews
0.0,Tue Apr 10 21:40:38 +0000 2018,1.0,0.0,0.0,15,@BBCNews
0.44,Tue Apr 10 21:35:47 +0000 2018,0.879,0.0,0.121,16,@BBCNews
-0.557,Tue Apr 10 21:33:46 +0000 2018,0.847,0.153,0.0,17,@BBCNews
-0.557,Tue Apr 10 21:32:44 +0000 2018,0.753,0.247,0.0,18,@BBCNews
0.477,Tue Apr 10 21:30:53 +0000 2018,0.681,0.094,0.226,19,@BBCNews
-0.625,Tue Apr 10 21:30:18 +0000 2018,0.76,0.24,0.0,20,@BBCNews
-0.052,Tue Apr 10 21:04:57 +0000 2018,0.915,0.085,0.0,21,@BBCNews
-0.361,Tue Apr 10 21:04:50 +0000 2018,0.848,0.152,0.0,22,@BBCNews
-0.25,Tue Apr 10 21:04:44 +0000 2018,0.783,0.139,0.078,23,@BBCNews
-0.599,Tue Apr 10 20:51:34 +0000 2018,0.738,0.262,0.0,24,@BBCNews
-0.44,Tue Apr 10 20:51:29 +0000 2018,0.854,0.146,0.0,25,@BBCNews
-0.822,Tue Apr 10 20:48:58 +0000 2018,0.678,0.322,0.0,26,@BBCNews
0.571,Tue Apr 10 20:33:55 +0000 2018,0.822,0.0,0.178,27,@BBCNews
-0.439,Tue Apr 10 20:19:14 +0000 2018,0.843,0.115,0.042,28,@BBCNews
0.557,Tue Apr 10 20:16:49 +0000 2018,0.874,0.0,0.126,29,@BBCNews
-0.579,Tue Apr 10 19:59:32 +0000 2018,0.829,0.171,0.0,30,@BBCNews
0.45,Tue Apr 10 19:47:45 +0000 2018,0.886,0.0,0.114,31,@BBCNews
-0.153,Tue Apr 10 19:38:50 +0000 2018,0.615,0.223,0.162,32,@BBCNews
0.382,Tue Apr 10 19:33:06 +0000 2018,0.625,0.116,0.259,33,@BBCNews
0.0,Tue Apr 10 19:32:35 +0000 2018,1.0,0.0,0.0,34,@BBCNews
0.202,Tue Apr 10 19:12:04 +0000 2018,0.625,0.156,0.219,35,@BBCNews
-0.599,Tue Apr 10 19:09:50 +0000 2018,0.726,0.274,0.0,36,@BBCNews
-0.637,Tue Apr 10 19:03:58 +0000 2018,0.656,0.344,0.0,37,@BBCNews
-0.958,Tue Apr 10 18:57:12 +0000 2018,0.439,0.561,0.0,38,@BBCNews
0.0,Tue Apr 10 18:50:40 +0000 2018,1.0,0.0,0.0,39,@BBCNews
0.0,Tue Apr 10 18:45:18 +0000 2018,1.0,0.0,0.0,40,@BBCNews
0.0,Tue Apr 10 13:17:55 +0000 2018,1.0,0.0,0.0,41,@BBCNews
0.586,Tue Apr 10 12:39:45 +0000 2018,0.853,0.0,0.147,42,@BBCNews
-0.599,Tue Apr 10 12:35:29 +0000 2018,0.593,0.311,0.096,43,@BBCNews
0.494,Tue Apr 10 12:13:33 +0000 2018,0.686,0.0,0.314,44,@BBCNews
-0.599,Tue Apr 10 12:13:33 +0000 2018,0.719,0.281,0.0,45,@BBCNews
-0.557,Tue Apr 10 12:09:49 +0000 2018,0.854,0.146,0.0,46,@BBCNews
0.103,Tue Apr 10 11:59:18 +0000 2018,0.811,0.086,0.104,47,@BBCNews
0.0,Tue Apr 10 11:34:03 +0000 2018,1.0,0.0,0.0,48,@BBCNews
0.0,Tue Apr 10 11:25:41 +0000 2018,1.0,0.0,0.0,49,@BBCNews
0.817,Tue Apr 10 10:00:41 +0000 2018,0.623,0.0,0.377,50,@BBCNews
-0.296,Tue Apr 10 09:59:02 +0000 2018,0.855,0.145,0.0,51,@BBCNews
0.0,Tue Apr 10 09:40:41 +0000 2018,1.0,0.0,0.0,52,@BBCNews
0.0,Tue Apr 10 09:40:34 +0000 2018,1.0,0.0,0.0,53,@BBCNews
0.402,Tue Apr 10 09:34:24 +0000 2018,0.803,0.0,0.197,54,@BBCNews
0.612,Tue Apr 10 09:06:20 +0000 2018,0.815,0.0,0.185,55,@BBCNews
-0.402,Tue Apr 10 09:03:00 +0000 2018,0.803,0.197,0.0,56,@BBCNews
0.318,Tue Apr 10 08:50:34 +0000 2018,0.753,0.0,0.247,57,@BBCNews
-0.7,Tue Apr 10 08:47:47 +0000 2018,0.734,0.266,0.0,58,@BBCNews
0.296,Tue Apr 10 08:38:22 +0000 2018,0.885,0.0,0.115,59,@BBCNews
-0.25,Tue Apr 10 08:32:59 +0000 2018,0.818,0.182,0.0,60,@BBCNews
0.572,Mon Apr 09 13:28:19 +0000 2018,0.844,0.0,0.156,61,@BBCNews
-0.751,Mon Apr 09 13:21:49 +0000 2018,0.484,0.516,0.0,62,@BBCNews
-0.92,Mon Apr 09 13:17:08 +0000 2018,0.517,0.483,0.0,63,@BBCNews
-0.422,Mon Apr 09 13:09:17 +0000 2018,0.682,0.318,0.0,64,@BBCNews
0.026,Mon Apr 09 12:54:19 +0000 2018,0.932,0.0,0.068,65,@BBCNews
0.361,Mon Apr 09 12:42:58 +0000 2018,0.747,0.095,0.158,66,@BBCNews
0.402,Mon Apr 09 12:25:42 +0000 2018,0.722,0.0,0.278,67,@BBCNews
0.0,Mon Apr 09 11:40:15 +0000 2018,1.0,0.0,0.0,68,@BBCNews
0.0,Mon Apr 09 11:38:44 +0000 2018,1.0,0.0,0.0,69,@BBCNews
-0.735,Mon Apr 09 11:27:57 +0000 2018,0.721,0.279,0.0,70,@BBCNews
-0.072,Mon Apr 09 11:25:20 +0000 2018,0.794,0.109,0.097,71,@BBCNews
0.077,Mon Apr 09 11:23:13 +0000 2018,0.939,0.0,0.061,72,@BBCNews
-0.309,Mon Apr 09 10:55:32 +0000 2018,0.883,0.117,0.0,73,@BBCNews
0.178,Mon Apr 09 10:35:45 +0000 2018,0.841,0.0,0.159,74,@BBCNews
0.637,Mon Apr 09 10:35:45 +0000 2018,0.574,0.0,0.426,75,@BBCNews
-0.527,Mon Apr 09 10:18:50 +0000 2018,0.614,0.386,0.0,76,@BBCNews
-0.477,Mon Apr 09 09:55:49 +0000 2018,0.871,0.129,0.0,77,@BBCNews
-0.625,Mon Apr 09 09:55:38 +0000 2018,0.823,0.177,0.0,78,@BBCNews
-0.477,Mon Apr 09 09:50:03 +0000 2018,0.48,0.344,0.176,79,@BBCNews
-0.915,Mon Apr 09 09:35:49 +0000 2018,0.59,0.41,0.0,80,@BBCNews
0.572,Sat Apr 07 13:06:06 +0000 2018,0.709,0.0,0.291,81,@BBCNews
0.477,Sat Apr 07 12:38:39 +0000 2018,0.866,0.0,0.134,82,@BBCNews
0.7,Sat Apr 07 12:33:46 +0000 2018,0.608,0.0,0.392,83,@BBCNews
0.0,Sat Apr 07 11:43:06 +0000 2018,1.0,0.0,0.0,84,@BBCNews
0.572,Sat Apr 07 10:59:53 +0000 2018,0.821,0.0,0.179,85,@BBCNews
0.0,Sat Apr 07 10:29:55 +0000 2018,1.0,0.0,0.0,86,@BBCNews
-0.477,Sat Apr 07 10:27:03 +0000 2018,0.721,0.279,0.0,87,@BBCNews
0.0,Sat Apr 07 10:21:01 +0000 2018,1.0,0.0,0.0,88,@BBCNews
0.0,Sat Apr 07 10:15:02 +0000 2018,1.0,0.0,0.0,89,@BBCNews
0.659,Sat Apr 07 09:46:05 +0000 2018,0.834,0.0,0.166,90,@BBCNews
0.709,Sat Apr 07 09:46:02 +0000 2018,0.763,0.0,0.237,91,@BBCNews
0.0,Sat Apr 07 09:40:50 +0000 2018,1.0,0.0,0.0,92,@BBCNews
-0.25,Sat Apr 07 09:40:50 +0000 2018,0.818,0.182,0.0,93,@BBCNews
0.0,Sat Apr 07 09:32:39 +0000 2018,1.0,0.0,0.0,94,@BBCNews
0.0,Sat Apr 07 09:11:40 +0000 2018,1.0,0.0,0.0,95,@BBCNews
0.624,Sat Apr 07 09:08:07 +0000 2018,0.843,0.0,0.157,96,@BBCNews
0.0,Sat Apr 07 09:01:34 +0000 2018,1.0,0.0,0.0,97,@BBCNews
0.0,Sat Apr 07 08:45:27 +0000 2018,1.0,0.0,0.0,98,@BBCNews
0.0,Sat Apr 07 07:46:23 +0000 2018,1.0,0.0,0.0,99,@BBCNews
0.778,Sat Apr 07 07:41:57 +0000 2018,0.736,0.0,0.264,100,@BBCNews
0.187,Tue Apr 10 23:53:30 +0000 2018,0.907,0.0,0.093,1,@CBS
0.0,Tue Apr 10 23:19:45 +0000 2018,1.0,0.0,0.0,2,@CBS
0.612,Tue Apr 10 19:00:03 +0000 2018,0.688,0.064,0.248,3,@CBS
0.698,Tue Apr 10 15:30:00 +0000 2018,0.747,0.0,0.253,4,@CBS
0.66,Mon Apr 09 20:00:00 +0000 2018,0.779,0.0,0.221,5,@CBS
0.0,Mon Apr 09 17:29:47 +0000 2018,1.0,0.0,0.0,6,@CBS
0.0,Mon Apr 09 17:00:02 +0000 2018,1.0,0.0,0.0,7,@CBS
0.273,Mon Apr 09 15:00:00 +0000 2018,0.784,0.086,0.129,8,@CBS
0.624,Mon Apr 09 13:36:00 +0000 2018,0.786,0.0,0.214,9,@CBS
0.647,Mon Apr 09 01:42:06 +0000 2018,0.72,0.0,0.28,10,@CBS
0.71,Sun Apr 08 22:00:01 +0000 2018,0.742,0.0,0.258,11,@CBS
0.556,Sun Apr 08 18:38:13 +0000 2018,0.854,0.0,0.146,12,@CBS
0.42,Sun Apr 08 15:00:00 +0000 2018,0.892,0.0,0.108,13,@CBS
0.67,Sat Apr 07 19:35:08 +0000 2018,0.817,0.0,0.183,14,@CBS
0.0,Sat Apr 07 18:28:03 +0000 2018,1.0,0.0,0.0,15,@CBS
0.361,Sat Apr 07 16:30:02 +0000 2018,0.894,0.0,0.106,16,@CBS
0.0,Sat Apr 07 15:31:12 +0000 2018,1.0,0.0,0.0,17,@CBS
0.0,Fri Apr 06 21:10:18 +0000 2018,1.0,0.0,0.0,18,@CBS
0.0,Fri Apr 06 17:00:00 +0000 2018,1.0,0.0,0.0,19,@CBS
0.0,Fri Apr 06 13:45:00 +0000 2018,1.0,0.0,0.0,20,@CBS
0.586,Thu Apr 05 21:44:00 +0000 2018,0.806,0.0,0.194,21,@CBS
0.66,Thu Apr 05 19:07:48 +0000 2018,0.759,0.0,0.241,22,@CBS
-0.388,Thu Apr 05 17:00:00 +0000 2018,0.769,0.157,0.074,23,@CBS
0.807,Wed Apr 04 22:07:01 +0000 2018,0.687,0.0,0.313,24,@CBS
0.757,Wed Apr 04 21:48:07 +0000 2018,0.712,0.0,0.288,25,@CBS
0.85,Wed Apr 04 21:47:26 +0000 2018,0.634,0.0,0.366,26,@CBS
0.493,Wed Apr 04 21:46:13 +0000 2018,0.803,0.0,0.197,27,@CBS
-0.318,Wed Apr 04 21:44:17 +0000 2018,0.905,0.095,0.0,28,@CBS
-0.25,Wed Apr 04 18:02:13 +0000 2018,0.867,0.133,0.0,29,@CBS
0.0,Tue Apr 03 23:00:00 +0000 2018,1.0,0.0,0.0,30,@CBS
0.0,Tue Apr 03 21:00:02 +0000 2018,1.0,0.0,0.0,31,@CBS
0.71,Tue Apr 03 18:00:00 +0000 2018,0.742,0.0,0.258,32,@CBS
0.791,Tue Apr 03 05:17:01 +0000 2018,0.579,0.0,0.421,33,@CBS
0.151,Mon Apr 02 17:30:00 +0000 2018,0.792,0.092,0.116,34,@CBS
0.649,Sun Apr 01 17:00:03 +0000 2018,0.798,0.0,0.202,35,@CBS
0.0,Sat Mar 31 18:00:00 +0000 2018,1.0,0.0,0.0,36,@CBS
0.42,Sat Mar 31 15:30:00 +0000 2018,0.887,0.0,0.113,37,@CBS
0.493,Fri Mar 30 16:50:00 +0000 2018,0.873,0.0,0.127,38,@CBS
0.0,Thu Mar 29 17:32:40 +0000 2018,1.0,0.0,0.0,39,@CBS
0.0,Thu Mar 29 17:30:02 +0000 2018,1.0,0.0,0.0,40,@CBS
0.708,Thu Mar 22 20:52:02 +0000 2018,0.623,0.066,0.311,41,@CBS
0.636,Thu Mar 22 00:23:38 +0000 2018,0.802,0.0,0.198,42,@CBS
0.0,Wed Mar 21 18:00:01 +0000 2018,1.0,0.0,0.0,43,@CBS
0.511,Tue Mar 20 20:00:01 +0000 2018,0.858,0.0,0.142,44,@CBS
0.0,Tue Mar 20 17:58:43 +0000 2018,1.0,0.0,0.0,45,@CBS
0.556,Tue Mar 20 16:52:42 +0000 2018,0.826,0.0,0.174,46,@CBS
0.0,Tue Mar 20 16:11:00 +0000 2018,1.0,0.0,0.0,47,@CBS
0.784,Mon Mar 19 21:02:26 +0000 2018,0.619,0.072,0.309,48,@CBS
0.0,Sun Mar 18 23:44:30 +0000 2018,1.0,0.0,0.0,49,@CBS
0.651,Sun Mar 18 18:05:43 +0000 2018,0.787,0.0,0.213,50,@CBS
0.187,Sun Mar 18 17:09:53 +0000 2018,0.92,0.0,0.08,51,@CBS
0.0,Sat Mar 17 19:00:02 +0000 2018,1.0,0.0,0.0,52,@CBS
0.617,Sat Mar 17 17:42:43 +0000 2018,0.839,0.0,0.161,53,@CBS
0.71,Sat Mar 17 14:00:03 +0000 2018,0.753,0.0,0.247,54,@CBS
0.296,Fri Mar 16 22:53:21 +0000 2018,0.896,0.0,0.104,55,@CBS
0.0,Fri Mar 16 18:15:53 +0000 2018,1.0,0.0,0.0,56,@CBS
0.651,Fri Mar 16 16:28:40 +0000 2018,0.822,0.0,0.178,57,@CBS
0.709,Thu Mar 15 17:54:06 +0000 2018,0.763,0.0,0.237,58,@CBS
-0.494,Thu Mar 15 17:20:26 +0000 2018,0.766,0.157,0.077,59,@CBS
0.651,Thu Mar 15 16:42:41 +0000 2018,0.806,0.0,0.194,60,@CBS
0.0,Mon Feb 26 16:52:01 +0000 2018,1.0,0.0,0.0,61,@CBS
0.0,Mon Feb 26 16:17:55 +0000 2018,1.0,0.0,0.0,62,@CBS
0.764,Mon Feb 26 01:12:32 +0000 2018,0.769,0.0,0.231,63,@CBS
0.0,Sun Feb 25 21:51:32 +0000 2018,1.0,0.0,0.0,64,@CBS
0.0,Sun Feb 25 21:51:22 +0000 2018,1.0,0.0,0.0,65,@CBS
0.509,Fri Feb 23 18:15:40 +0000 2018,0.845,0.0,0.155,66,@CBS
0.0,Thu Feb 22 19:26:52 +0000 2018,1.0,0.0,0.0,67,@CBS
0.0,Wed Feb 21 19:20:04 +0000 2018,1.0,0.0,0.0,68,@CBS
0.681,Wed Feb 21 18:19:25 +0000 2018,0.752,0.0,0.248,69,@CBS
0.44,Tue Feb 20 19:55:19 +0000 2018,0.884,0.0,0.116,70,@CBS
-0.402,Tue Feb 20 17:58:18 +0000 2018,0.881,0.119,0.0,71,@CBS
0.361,Tue Feb 20 17:39:51 +0000 2018,0.872,0.0,0.128,72,@CBS
0.612,Sat Feb 17 01:07:20 +0000 2018,0.773,0.0,0.227,73,@CBS
0.318,Fri Feb 16 18:42:43 +0000 2018,0.892,0.0,0.108,74,@CBS
0.68,Fri Feb 16 17:48:20 +0000 2018,0.752,0.0,0.248,75,@CBS
0.862,Wed Feb 14 19:23:27 +0000 2018,0.534,0.0,0.466,76,@CBS
0.0,Tue Feb 13 20:03:56 +0000 2018,1.0,0.0,0.0,77,@CBS
0.751,Tue Feb 13 18:54:52 +0000 2018,0.748,0.0,0.252,78,@CBS
0.0,Mon Feb 12 18:49:45 +0000 2018,1.0,0.0,0.0,79,@CBS
0.0,Mon Feb 12 01:32:33 +0000 2018,1.0,0.0,0.0,80,@CBS
0.572,Mon Jan 29 06:15:02 +0000 2018,0.734,0.0,0.266,81,@CBS
0.0,Mon Jan 29 05:34:44 +0000 2018,1.0,0.0,0.0,82,@CBS
0.0,Mon Jan 29 04:19:55 +0000 2018,1.0,0.0,0.0,83,@CBS
0.878,Mon Jan 29 04:12:46 +0000 2018,0.641,0.0,0.359,84,@CBS
0.796,Mon Jan 29 04:10:47 +0000 2018,0.706,0.0,0.294,85,@CBS
0.586,Mon Jan 29 03:58:49 +0000 2018,0.513,0.0,0.487,86,@CBS
0.67,Mon Jan 29 03:55:24 +0000 2018,0.848,0.0,0.152,87,@CBS
-0.34,Mon Jan 29 03:55:20 +0000 2018,0.888,0.112,0.0,88,@CBS
0.057,Mon Jan 29 03:53:06 +0000 2018,0.864,0.062,0.073,89,@CBS
0.611,Mon Jan 29 03:50:25 +0000 2018,0.688,0.0,0.312,90,@CBS
0.599,Mon Jan 29 03:49:19 +0000 2018,0.606,0.0,0.394,91,@CBS
0.459,Mon Jan 29 03:46:27 +0000 2018,0.727,0.0,0.273,92,@CBS
0.812,Mon Jan 29 03:45:43 +0000 2018,0.749,0.0,0.251,93,@CBS
0.67,Mon Jan 29 03:37:35 +0000 2018,0.522,0.0,0.478,94,@CBS
0.0,Mon Jan 29 03:37:27 +0000 2018,1.0,0.0,0.0,95,@CBS
0.586,Mon Jan 29 03:34:36 +0000 2018,0.817,0.0,0.183,96,@CBS
0.0,Mon Jan 29 03:27:04 +0000 2018,1.0,0.0,0.0,97,@CBS
0.0,Mon Jan 29 03:25:53 +0000 2018,1.0,0.0,0.0,98,@CBS
-0.527,Mon Jan 29 03:25:26 +0000 2018,0.702,0.298,0.0,99,@CBS
0.114,Mon Jan 29 03:24:02 +0000 2018,0.929,0.0,0.071,100,@CBS
0.0,Tue Apr 10 23:54:13 +0000 2018,1.0,0.0,0.0,1,@CNN
0.0,Tue Apr 10 23:52:21 +0000 2018,1.0,0.0,0.0,2,@CNN
0.0,Tue Apr 10 23:49:43 +0000 2018,1.0,0.0,0.0,3,@CNN
0.382,Tue Apr 10 23:47:02 +0000 2018,0.867,0.0,0.133,4,@CNN
-0.026,Tue Apr 10 23:35:38 +0000 2018,0.659,0.174,0.168,5,@CNN
0.0,Tue Apr 10 23:31:30 +0000 2018,1.0,0.0,0.0,6,@CNN
0.511,Tue Apr 10 23:31:00 +0000 2018,0.837,0.0,0.163,7,@CNN
-0.67,Tue Apr 10 23:28:10 +0000 2018,0.824,0.176,0.0,8,@CNN
-0.296,Tue Apr 10 23:25:47 +0000 2018,0.891,0.109,0.0,9,@CNN
0.477,Tue Apr 10 23:22:45 +0000 2018,0.633,0.113,0.253,10,@CNN
-0.34,Tue Apr 10 23:08:35 +0000 2018,0.876,0.124,0.0,11,@CNN
0.494,Tue Apr 10 23:00:41 +0000 2018,0.824,0.0,0.176,12,@CNN
0.211,Tue Apr 10 22:54:53 +0000 2018,0.817,0.076,0.107,13,@CNN
-0.681,Tue Apr 10 22:46:12 +0000 2018,0.789,0.211,0.0,14,@CNN
0.572,Tue Apr 10 22:46:08 +0000 2018,0.749,0.0,0.251,15,@CNN
0.0,Tue Apr 10 22:42:41 +0000 2018,1.0,0.0,0.0,16,@CNN
-0.44,Tue Apr 10 22:40:06 +0000 2018,0.847,0.153,0.0,17,@CNN
0.0,Tue Apr 10 22:34:05 +0000 2018,1.0,0.0,0.0,18,@CNN
0.743,Tue Apr 10 22:31:04 +0000 2018,0.717,0.0,0.283,19,@CNN
0.0,Tue Apr 10 22:25:23 +0000 2018,1.0,0.0,0.0,20,@CNN
-0.402,Tue Apr 10 22:08:55 +0000 2018,0.828,0.172,0.0,21,@CNN
-0.309,Tue Apr 10 22:07:06 +0000 2018,0.876,0.124,0.0,22,@CNN
0.0,Tue Apr 10 22:07:04 +0000 2018,1.0,0.0,0.0,23,@CNN
0.0,Tue Apr 10 22:00:05 +0000 2018,1.0,0.0,0.0,24,@CNN
-0.44,Tue Apr 10 21:57:07 +0000 2018,0.868,0.132,0.0,25,@CNN
0.0,Tue Apr 10 21:52:02 +0000 2018,1.0,0.0,0.0,26,@CNN
-0.599,Tue Apr 10 21:46:43 +0000 2018,0.766,0.234,0.0,27,@CNN
-0.226,Tue Apr 10 21:36:43 +0000 2018,0.894,0.106,0.0,28,@CNN
0.318,Tue Apr 10 21:29:19 +0000 2018,0.881,0.0,0.119,29,@CNN
-0.361,Tue Apr 10 21:25:25 +0000 2018,0.681,0.213,0.106,30,@CNN
0.052,Tue Apr 10 21:21:20 +0000 2018,0.769,0.111,0.12,31,@CNN
0.0,Tue Apr 10 21:18:49 +0000 2018,1.0,0.0,0.0,32,@CNN
-0.103,Tue Apr 10 21:12:22 +0000 2018,0.928,0.072,0.0,33,@CNN
0.727,Tue Apr 10 21:04:26 +0000 2018,0.747,0.0,0.253,34,@CNN
0.0,Tue Apr 10 20:58:00 +0000 2018,1.0,0.0,0.0,35,@CNN
-0.691,Tue Apr 10 20:49:08 +0000 2018,0.489,0.382,0.129,36,@CNN
-0.103,Tue Apr 10 20:47:12 +0000 2018,0.924,0.076,0.0,37,@CNN
-0.34,Tue Apr 10 20:43:28 +0000 2018,0.876,0.124,0.0,38,@CNN
-0.402,Tue Apr 10 20:39:38 +0000 2018,0.828,0.172,0.0,39,@CNN
0.0,Tue Apr 10 20:37:20 +0000 2018,1.0,0.0,0.0,40,@CNN
-0.477,Tue Apr 10 19:36:01 +0000 2018,0.76,0.24,0.0,41,@CNN
0.422,Tue Apr 10 19:34:42 +0000 2018,0.882,0.0,0.118,42,@CNN
0.402,Tue Apr 10 19:32:33 +0000 2018,0.847,0.0,0.153,43,@CNN
0.557,Tue Apr 10 19:27:07 +0000 2018,0.805,0.0,0.195,44,@CNN
0.076,Tue Apr 10 19:26:08 +0000 2018,0.933,0.0,0.067,45,@CNN
0.402,Tue Apr 10 19:22:42 +0000 2018,0.739,0.097,0.163,46,@CNN
0.0,Tue Apr 10 19:22:06 +0000 2018,1.0,0.0,0.0,47,@CNN
0.077,Tue Apr 10 19:21:59 +0000 2018,0.779,0.104,0.117,48,@CNN
0.475,Tue Apr 10 19:17:52 +0000 2018,0.829,0.0,0.171,49,@CNN
0.0,Tue Apr 10 19:14:36 +0000 2018,1.0,0.0,0.0,50,@CNN
0.0,Tue Apr 10 19:12:05 +0000 2018,1.0,0.0,0.0,51,@CNN
0.077,Tue Apr 10 19:05:23 +0000 2018,0.766,0.092,0.142,52,@CNN
-0.422,Tue Apr 10 19:03:03 +0000 2018,0.872,0.128,0.0,53,@CNN
0.0,Tue Apr 10 19:02:39 +0000 2018,1.0,0.0,0.0,54,@CNN
0.0,Tue Apr 10 18:58:04 +0000 2018,1.0,0.0,0.0,55,@CNN
0.0,Tue Apr 10 18:57:43 +0000 2018,1.0,0.0,0.0,56,@CNN
0.382,Tue Apr 10 18:56:04 +0000 2018,0.867,0.0,0.133,57,@CNN
0.0,Tue Apr 10 18:55:11 +0000 2018,1.0,0.0,0.0,58,@CNN
0.0,Tue Apr 10 18:53:30 +0000 2018,1.0,0.0,0.0,59,@CNN
0.402,Tue Apr 10 18:46:07 +0000 2018,0.876,0.0,0.124,60,@CNN
0.822,Tue Apr 10 13:20:04 +0000 2018,0.65,0.0,0.35,61,@CNN
0.44,Tue Apr 10 13:10:05 +0000 2018,0.791,0.0,0.209,62,@CNN
-0.402,Tue Apr 10 13:00:09 +0000 2018,0.816,0.184,0.0,63,@CNN
0.477,Tue Apr 10 12:50:06 +0000 2018,0.785,0.0,0.215,64,@CNN
0.402,Tue Apr 10 12:44:49 +0000 2018,0.863,0.0,0.137,65,@CNN
0.0,Tue Apr 10 12:40:12 +0000 2018,1.0,0.0,0.0,66,@CNN
0.0,Tue Apr 10 12:30:14 +0000 2018,1.0,0.0,0.0,67,@CNN
0.477,Tue Apr 10 12:26:08 +0000 2018,0.86,0.0,0.14,68,@CNN
-0.822,Tue Apr 10 12:20:07 +0000 2018,0.703,0.297,0.0,69,@CNN
0.0,Tue Apr 10 12:10:05 +0000 2018,1.0,0.0,0.0,70,@CNN
0.477,Tue Apr 10 12:01:37 +0000 2018,0.866,0.0,0.134,71,@CNN
0.422,Tue Apr 10 12:00:00 +0000 2018,0.865,0.0,0.135,72,@CNN
-0.422,Tue Apr 10 11:55:04 +0000 2018,0.702,0.189,0.11,73,@CNN
-0.557,Tue Apr 10 11:50:00 +0000 2018,0.859,0.141,0.0,74,@CNN
-0.34,Tue Apr 10 11:40:07 +0000 2018,0.888,0.112,0.0,75,@CNN
-0.395,Tue Apr 10 11:35:03 +0000 2018,0.877,0.123,0.0,76,@CNN
0.0,Tue Apr 10 11:30:03 +0000 2018,1.0,0.0,0.0,77,@CNN
-0.153,Tue Apr 10 11:29:06 +0000 2018,0.929,0.071,0.0,78,@CNN
0.0,Tue Apr 10 11:20:09 +0000 2018,1.0,0.0,0.0,79,@CNN
-0.586,Tue Apr 10 11:10:06 +0000 2018,0.787,0.213,0.0,80,@CNN
0.0,Tue Apr 10 01:22:24 +0000 2018,1.0,0.0,0.0,81,@CNN
0.636,Tue Apr 10 01:21:13 +0000 2018,0.682,0.0,0.318,82,@CNN
-0.19,Tue Apr 10 01:14:56 +0000 2018,0.911,0.089,0.0,83,@CNN
-0.318,Tue Apr 10 01:07:33 +0000 2018,0.69,0.187,0.123,84,@CNN
-0.494,Tue Apr 10 00:55:59 +0000 2018,0.819,0.181,0.0,85,@CNN
-0.22,Tue Apr 10 00:54:05 +0000 2018,0.906,0.094,0.0,86,@CNN
-0.25,Tue Apr 10 00:48:14 +0000 2018,0.895,0.105,0.0,87,@CNN
-0.67,Tue Apr 10 00:44:10 +0000 2018,0.723,0.277,0.0,88,@CNN
-0.636,Tue Apr 10 00:41:12 +0000 2018,0.816,0.184,0.0,89,@CNN
0.202,Tue Apr 10 00:40:19 +0000 2018,0.833,0.067,0.099,90,@CNN
0.026,Tue Apr 10 00:38:58 +0000 2018,0.773,0.112,0.116,91,@CNN
0.0,Tue Apr 10 00:38:25 +0000 2018,1.0,0.0,0.0,92,@CNN
0.0,Tue Apr 10 00:19:19 +0000 2018,1.0,0.0,0.0,93,@CNN
0.046,Tue Apr 10 00:17:13 +0000 2018,0.772,0.11,0.118,94,@CNN
0.0,Tue Apr 10 00:08:19 +0000 2018,1.0,0.0,0.0,95,@CNN
0.0,Tue Apr 10 00:05:56 +0000 2018,1.0,0.0,0.0,96,@CNN
0.0,Mon Apr 09 23:59:20 +0000 2018,1.0,0.0,0.0,97,@CNN
0.0,Mon Apr 09 23:48:44 +0000 2018,1.0,0.0,0.0,98,@CNN
-0.527,Mon Apr 09 23:43:28 +0000 2018,0.866,0.134,0.0,99,@CNN
0.0,Mon Apr 09 23:41:55 +0000 2018,1.0,0.0,0.0,100,@CNN
0.0,Wed Apr 11 00:00:49 +0000 2018,1.0,0.0,0.0,1,@FoxNews
-0.571,Tue Apr 10 23:50:00 +0000 2018,0.63,0.37,0.0,2,@FoxNews
-0.44,Tue Apr 10 23:41:27 +0000 2018,0.523,0.333,0.144,3,@FoxNews
0.459,Tue Apr 10 23:28:36 +0000 2018,0.75,0.0,0.25,4,@FoxNews
-0.572,Tue Apr 10 23:18:20 +0000 2018,0.821,0.179,0.0,5,@FoxNews
0.0,Tue Apr 10 23:12:29 +0000 2018,1.0,0.0,0.0,6,@FoxNews
0.0,Tue Apr 10 23:04:02 +0000 2018,1.0,0.0,0.0,7,@FoxNews
-0.527,Tue Apr 10 22:57:45 +0000 2018,0.779,0.221,0.0,8,@FoxNews
-0.557,Tue Apr 10 22:47:17 +0000 2018,0.783,0.217,0.0,9,@FoxNews
-0.44,Tue Apr 10 22:19:07 +0000 2018,0.847,0.153,0.0,10,@FoxNews
0.0,Tue Apr 10 22:00:44 +0000 2018,1.0,0.0,0.0,11,@FoxNews
0.0,Tue Apr 10 21:54:38 +0000 2018,1.0,0.0,0.0,12,@FoxNews
0.572,Tue Apr 10 21:44:50 +0000 2018,0.793,0.0,0.207,13,@FoxNews
-0.681,Tue Apr 10 21:37:55 +0000 2018,0.714,0.286,0.0,14,@FoxNews
0.342,Tue Apr 10 21:28:49 +0000 2018,0.789,0.053,0.158,15,@FoxNews
0.226,Tue Apr 10 21:24:25 +0000 2018,0.909,0.0,0.091,16,@FoxNews
0.765,Tue Apr 10 21:08:54 +0000 2018,0.631,0.0,0.369,17,@FoxNews
0.0,Tue Apr 10 21:01:39 +0000 2018,1.0,0.0,0.0,18,@FoxNews
0.571,Tue Apr 10 20:53:20 +0000 2018,0.802,0.0,0.198,19,@FoxNews
0.625,Tue Apr 10 20:49:18 +0000 2018,0.806,0.0,0.194,20,@FoxNews
0.0,Tue Apr 10 20:40:42 +0000 2018,1.0,0.0,0.0,21,@FoxNews
0.402,Tue Apr 10 20:33:58 +0000 2018,0.87,0.0,0.13,22,@FoxNews
-0.44,Tue Apr 10 20:33:53 +0000 2018,0.847,0.153,0.0,23,@FoxNews
0.727,Tue Apr 10 20:15:56 +0000 2018,0.724,0.0,0.276,24,@FoxNews
0.44,Tue Apr 10 20:08:20 +0000 2018,0.868,0.0,0.132,25,@FoxNews
-0.296,Tue Apr 10 19:59:44 +0000 2018,0.896,0.104,0.0,26,@FoxNews
0.075,Tue Apr 10 19:56:49 +0000 2018,0.79,0.098,0.112,27,@FoxNews
0.402,Tue Apr 10 19:48:55 +0000 2018,0.863,0.0,0.137,28,@FoxNews
0.44,Tue Apr 10 19:46:34 +0000 2018,0.818,0.0,0.182,29,@FoxNews
0.0,Tue Apr 10 19:40:41 +0000 2018,1.0,0.0,0.0,30,@FoxNews
0.527,Tue Apr 10 19:35:31 +0000 2018,0.784,0.0,0.216,31,@FoxNews
0.402,Tue Apr 10 19:33:19 +0000 2018,0.739,0.097,0.163,32,@FoxNews
0.318,Tue Apr 10 19:26:31 +0000 2018,0.892,0.0,0.108,33,@FoxNews
0.0,Tue Apr 10 19:18:03 +0000 2018,1.0,0.0,0.0,34,@FoxNews
0.778,Tue Apr 10 19:09:37 +0000 2018,0.755,0.0,0.245,35,@FoxNews
0.402,Tue Apr 10 19:06:48 +0000 2018,0.837,0.0,0.163,36,@FoxNews
0.599,Tue Apr 10 19:05:27 +0000 2018,0.651,0.0,0.349,37,@FoxNews
0.599,Tue Apr 10 18:58:25 +0000 2018,0.731,0.0,0.269,38,@FoxNews
0.625,Tue Apr 10 18:58:12 +0000 2018,0.638,0.0,0.362,39,@FoxNews
0.836,Tue Apr 10 18:54:40 +0000 2018,0.602,0.067,0.331,40,@FoxNews
0.0,Tue Apr 10 15:39:38 +0000 2018,1.0,0.0,0.0,41,@FoxNews
0.382,Tue Apr 10 15:38:34 +0000 2018,0.843,0.0,0.157,42,@FoxNews
-0.103,Tue Apr 10 15:37:19 +0000 2018,0.851,0.149,0.0,43,@FoxNews
0.459,Tue Apr 10 15:25:50 +0000 2018,0.765,0.0,0.235,44,@FoxNews
-0.649,Tue Apr 10 15:15:00 +0000 2018,0.699,0.301,0.0,45,@FoxNews
0.34,Tue Apr 10 15:10:17 +0000 2018,0.806,0.0,0.194,46,@FoxNews
-0.296,Tue Apr 10 15:05:00 +0000 2018,0.471,0.3,0.229,47,@FoxNews
0.026,Tue Apr 10 15:02:48 +0000 2018,0.68,0.156,0.163,48,@FoxNews
-0.34,Tue Apr 10 14:54:56 +0000 2018,0.844,0.156,0.0,49,@FoxNews
0.026,Tue Apr 10 14:51:57 +0000 2018,0.63,0.181,0.189,50,@FoxNews
0.0,Tue Apr 10 14:50:55 +0000 2018,0.641,0.179,0.179,51,@FoxNews
-0.637,Tue Apr 10 14:42:00 +0000 2018,0.395,0.441,0.164,52,@FoxNews
0.026,Tue Apr 10 14:39:24 +0000 2018,0.657,0.168,0.175,53,@FoxNews
0.026,Tue Apr 10 14:25:27 +0000 2018,0.701,0.146,0.153,54,@FoxNews
0.0,Tue Apr 10 14:16:22 +0000 2018,1.0,0.0,0.0,55,@FoxNews
0.128,Tue Apr 10 14:11:42 +0000 2018,0.909,0.0,0.091,56,@FoxNews
-0.402,Tue Apr 10 14:05:55 +0000 2018,0.803,0.197,0.0,57,@FoxNews
0.0,Tue Apr 10 14:03:14 +0000 2018,1.0,0.0,0.0,58,@FoxNews
0.0,Tue Apr 10 14:01:32 +0000 2018,1.0,0.0,0.0,59,@FoxNews
0.633,Tue Apr 10 14:00:10 +0000 2018,0.812,0.0,0.188,60,@FoxNews
-0.34,Tue Apr 10 08:51:16 +0000 2018,0.833,0.167,0.0,61,@FoxNews
-0.361,Tue Apr 10 08:46:02 +0000 2018,0.839,0.161,0.0,62,@FoxNews
-0.392,Tue Apr 10 08:44:13 +0000 2018,0.85,0.15,0.0,63,@FoxNews
0.0,Tue Apr 10 08:26:48 +0000 2018,1.0,0.0,0.0,64,@FoxNews
-0.494,Tue Apr 10 08:19:19 +0000 2018,0.814,0.186,0.0,65,@FoxNews
0.026,Tue Apr 10 08:15:37 +0000 2018,0.663,0.193,0.144,66,@FoxNews
0.0,Tue Apr 10 08:13:19 +0000 2018,1.0,0.0,0.0,67,@FoxNews
-0.66,Tue Apr 10 08:11:28 +0000 2018,0.69,0.31,0.0,68,@FoxNews
0.746,Tue Apr 10 08:00:00 +0000 2018,0.703,0.0,0.297,69,@FoxNews
0.0,Tue Apr 10 07:55:00 +0000 2018,1.0,0.0,0.0,70,@FoxNews
0.0,Tue Apr 10 07:50:00 +0000 2018,1.0,0.0,0.0,71,@FoxNews
0.0,Tue Apr 10 07:45:00 +0000 2018,1.0,0.0,0.0,72,@FoxNews
0.318,Tue Apr 10 07:40:00 +0000 2018,0.874,0.0,0.126,73,@FoxNews
-0.34,Tue Apr 10 07:35:00 +0000 2018,0.844,0.156,0.0,74,@FoxNews
0.0,Tue Apr 10 07:30:00 +0000 2018,1.0,0.0,0.0,75,@FoxNews
-0.077,Tue Apr 10 07:25:00 +0000 2018,0.742,0.135,0.122,76,@FoxNews
0.0,Tue Apr 10 07:20:00 +0000 2018,1.0,0.0,0.0,77,@FoxNews
-0.459,Tue Apr 10 07:15:00 +0000 2018,0.824,0.176,0.0,78,@FoxNews
-0.273,Tue Apr 10 07:10:00 +0000 2018,0.757,0.124,0.12,79,@FoxNews
0.0,Tue Apr 10 07:05:00 +0000 2018,1.0,0.0,0.0,80,@FoxNews
0.0,Mon Apr 09 23:57:52 +0000 2018,1.0,0.0,0.0,81,@FoxNews
-0.262,Mon Apr 09 23:51:43 +0000 2018,0.864,0.136,0.0,82,@FoxNews
0.0,Mon Apr 09 23:38:50 +0000 2018,1.0,0.0,0.0,83,@FoxNews
0.382,Mon Apr 09 23:26:17 +0000 2018,0.867,0.0,0.133,84,@FoxNews
-0.542,Mon Apr 09 23:05:00 +0000 2018,0.661,0.247,0.093,85,@FoxNews
0.477,Mon Apr 09 22:58:23 +0000 2018,0.866,0.0,0.134,86,@FoxNews
-0.477,Mon Apr 09 22:48:24 +0000 2018,0.846,0.154,0.0,87,@FoxNews
-0.361,Mon Apr 09 22:45:51 +0000 2018,0.857,0.143,0.0,88,@FoxNews
-0.382,Mon Apr 09 22:31:44 +0000 2018,0.809,0.191,0.0,89,@FoxNews
-0.869,Mon Apr 09 22:20:00 +0000 2018,0.526,0.474,0.0,90,@FoxNews
0.077,Mon Apr 09 22:10:48 +0000 2018,0.598,0.188,0.214,91,@FoxNews
0.0,Mon Apr 09 21:54:17 +0000 2018,1.0,0.0,0.0,92,@FoxNews
0.361,Mon Apr 09 21:44:11 +0000 2018,0.872,0.0,0.128,93,@FoxNews
-0.402,Mon Apr 09 21:35:00 +0000 2018,0.787,0.213,0.0,94,@FoxNews
0.0,Mon Apr 09 21:28:49 +0000 2018,1.0,0.0,0.0,95,@FoxNews
0.318,Mon Apr 09 21:25:15 +0000 2018,0.667,0.122,0.212,96,@FoxNews
0.0,Mon Apr 09 21:14:17 +0000 2018,1.0,0.0,0.0,97,@FoxNews
0.0,Mon Apr 09 20:51:00 +0000 2018,1.0,0.0,0.0,98,@FoxNews
-0.802,Mon Apr 09 20:41:00 +0000 2018,0.526,0.474,0.0,99,@FoxNews
0.0,Mon Apr 09 20:30:25 +0000 2018,1.0,0.0,0.0,100,@FoxNews
0.0,Tue Apr 10 23:46:05 +0000 2018,1.0,0.0,0.0,1,@nytimes
-0.511,Tue Apr 10 23:31:00 +0000 2018,0.845,0.155,0.0,2,@nytimes
-0.34,Tue Apr 10 23:22:01 +0000 2018,0.906,0.094,0.0,3,@nytimes
0.25,Tue Apr 10 23:16:45 +0000 2018,0.85,0.0,0.15,4,@nytimes
-0.178,Tue Apr 10 23:02:03 +0000 2018,0.731,0.151,0.119,5,@nytimes
-0.296,Tue Apr 10 22:47:04 +0000 2018,0.916,0.084,0.0,6,@nytimes
0.0,Tue Apr 10 22:38:03 +0000 2018,1.0,0.0,0.0,7,@nytimes
0.619,Tue Apr 10 22:28:09 +0000 2018,0.768,0.0,0.232,8,@nytimes
0.077,Tue Apr 10 22:18:05 +0000 2018,0.81,0.089,0.101,9,@nytimes
-0.077,Tue Apr 10 22:07:05 +0000 2018,0.92,0.08,0.0,10,@nytimes
0.402,Tue Apr 10 22:01:06 +0000 2018,0.886,0.0,0.114,11,@nytimes
0.0,Tue Apr 10 21:53:38 +0000 2018,1.0,0.0,0.0,12,@nytimes
0.34,Tue Apr 10 21:47:02 +0000 2018,0.893,0.0,0.107,13,@nytimes
0.103,Tue Apr 10 21:32:04 +0000 2018,0.935,0.0,0.065,14,@nytimes
0.0,Tue Apr 10 21:17:04 +0000 2018,0.746,0.127,0.127,15,@nytimes
0.0,Tue Apr 10 21:08:06 +0000 2018,1.0,0.0,0.0,16,@nytimes
0.0,Tue Apr 10 20:53:50 +0000 2018,1.0,0.0,0.0,17,@nytimes
0.422,Tue Apr 10 20:50:09 +0000 2018,0.676,0.0,0.324,18,@nytimes
-0.7,Tue Apr 10 20:40:04 +0000 2018,0.621,0.29,0.09,19,@nytimes
-0.077,Tue Apr 10 20:19:44 +0000 2018,0.929,0.071,0.0,20,@nytimes
0.44,Tue Apr 10 20:17:07 +0000 2018,0.868,0.0,0.132,21,@nytimes
-0.318,Tue Apr 10 20:10:07 +0000 2018,0.759,0.148,0.093,22,@nytimes
0.0,Tue Apr 10 20:03:41 +0000 2018,1.0,0.0,0.0,23,@nytimes
-0.178,Tue Apr 10 19:55:03 +0000 2018,0.655,0.166,0.179,24,@nytimes
-0.67,Tue Apr 10 19:45:50 +0000 2018,0.756,0.244,0.0,25,@nytimes
0.0,Tue Apr 10 19:40:09 +0000 2018,1.0,0.0,0.0,26,@nytimes
0.0,Tue Apr 10 19:30:10 +0000 2018,1.0,0.0,0.0,27,@nytimes
0.44,Tue Apr 10 19:25:48 +0000 2018,0.822,0.0,0.178,28,@nytimes
0.527,Tue Apr 10 19:18:09 +0000 2018,0.866,0.0,0.134,29,@nytimes
0.103,Tue Apr 10 19:15:01 +0000 2018,0.685,0.149,0.165,30,@nytimes
0.0,Tue Apr 10 19:06:24 +0000 2018,1.0,0.0,0.0,31,@nytimes
0.0,Tue Apr 10 19:01:41 +0000 2018,1.0,0.0,0.0,32,@nytimes
-0.7,Tue Apr 10 18:55:05 +0000 2018,0.756,0.244,0.0,33,@nytimes
-0.142,Tue Apr 10 18:45:07 +0000 2018,0.931,0.069,0.0,34,@nytimes
-0.402,Tue Apr 10 18:36:53 +0000 2018,0.837,0.163,0.0,35,@nytimes
-0.511,Tue Apr 10 18:33:48 +0000 2018,0.852,0.148,0.0,36,@nytimes
-0.572,Tue Apr 10 18:30:08 +0000 2018,0.684,0.228,0.087,37,@nytimes
0.0,Tue Apr 10 18:17:46 +0000 2018,1.0,0.0,0.0,38,@nytimes
0.402,Tue Apr 10 18:16:12 +0000 2018,0.895,0.0,0.105,39,@nytimes
-0.382,Tue Apr 10 18:10:07 +0000 2018,0.88,0.12,0.0,40,@nytimes
0.202,Tue Apr 10 14:30:17 +0000 2018,0.87,0.0,0.13,41,@nytimes
0.0,Tue Apr 10 14:15:06 +0000 2018,1.0,0.0,0.0,42,@nytimes
0.0,Tue Apr 10 14:00:04 +0000 2018,1.0,0.0,0.0,43,@nytimes
-0.296,Tue Apr 10 13:45:09 +0000 2018,0.885,0.115,0.0,44,@nytimes
0.0,Tue Apr 10 13:31:02 +0000 2018,1.0,0.0,0.0,45,@nytimes
0.494,Tue Apr 10 13:30:18 +0000 2018,0.756,0.0,0.244,46,@nytimes
-0.67,Tue Apr 10 13:21:49 +0000 2018,0.791,0.209,0.0,47,@nytimes
0.0,Tue Apr 10 13:00:16 +0000 2018,1.0,0.0,0.0,48,@nytimes
0.527,Tue Apr 10 13:00:15 +0000 2018,0.821,0.045,0.134,49,@nytimes
0.67,Tue Apr 10 12:45:08 +0000 2018,0.824,0.0,0.176,50,@nytimes
0.103,Tue Apr 10 12:31:00 +0000 2018,0.928,0.0,0.072,51,@nytimes
0.077,Tue Apr 10 12:30:10 +0000 2018,0.929,0.0,0.071,52,@nytimes
0.0,Tue Apr 10 12:15:02 +0000 2018,1.0,0.0,0.0,53,@nytimes
0.494,Tue Apr 10 12:00:14 +0000 2018,0.792,0.0,0.208,54,@nytimes
-0.718,Tue Apr 10 11:44:55 +0000 2018,0.75,0.25,0.0,55,@nytimes
-0.077,Tue Apr 10 11:33:46 +0000 2018,0.725,0.145,0.13,56,@nytimes
0.66,Tue Apr 10 11:15:06 +0000 2018,0.748,0.0,0.252,57,@nytimes
0.0,Tue Apr 10 11:00:16 +0000 2018,1.0,0.0,0.0,58,@nytimes
0.718,Tue Apr 10 11:00:15 +0000 2018,0.739,0.0,0.261,59,@nytimes
0.318,Tue Apr 10 11:00:06 +0000 2018,0.887,0.0,0.113,60,@nytimes
0.0,Tue Apr 10 02:02:05 +0000 2018,1.0,0.0,0.0,61,@nytimes
0.0,Tue Apr 10 01:47:02 +0000 2018,1.0,0.0,0.0,62,@nytimes
-0.402,Tue Apr 10 01:32:03 +0000 2018,0.891,0.109,0.0,63,@nytimes
0.128,Tue Apr 10 01:17:04 +0000 2018,0.933,0.0,0.067,64,@nytimes
0.0,Tue Apr 10 01:04:02 +0000 2018,1.0,0.0,0.0,65,@nytimes
0.0,Tue Apr 10 00:52:03 +0000 2018,1.0,0.0,0.0,66,@nytimes
0.0,Tue Apr 10 00:43:00 +0000 2018,1.0,0.0,0.0,67,@nytimes
0.325,Tue Apr 10 00:36:01 +0000 2018,0.896,0.0,0.104,68,@nytimes
0.422,Tue Apr 10 00:29:03 +0000 2018,0.859,0.0,0.141,69,@nytimes
0.34,Tue Apr 10 00:17:09 +0000 2018,0.844,0.0,0.156,70,@nytimes
0.0,Tue Apr 10 00:03:06 +0000 2018,1.0,0.0,0.0,71,@nytimes
0.402,Mon Apr 09 23:53:05 +0000 2018,0.881,0.0,0.119,72,@nytimes
0.0,Mon Apr 09 23:42:00 +0000 2018,1.0,0.0,0.0,73,@nytimes
-0.422,Mon Apr 09 23:32:03 +0000 2018,0.865,0.135,0.0,74,@nytimes
0.0,Mon Apr 09 23:17:04 +0000 2018,1.0,0.0,0.0,75,@nytimes
0.0,Mon Apr 09 23:02:04 +0000 2018,1.0,0.0,0.0,76,@nytimes
0.0,Mon Apr 09 22:47:03 +0000 2018,1.0,0.0,0.0,77,@nytimes
0.0,Mon Apr 09 22:39:11 +0000 2018,1.0,0.0,0.0,78,@nytimes
0.0,Mon Apr 09 22:32:05 +0000 2018,1.0,0.0,0.0,79,@nytimes
0.681,Mon Apr 09 22:17:03 +0000 2018,0.789,0.0,0.211,80,@nytimes
0.026,Mon Apr 09 11:45:04 +0000 2018,0.717,0.139,0.143,81,@nytimes
-0.612,Mon Apr 09 11:30:06 +0000 2018,0.672,0.257,0.071,82,@nytimes
-0.382,Mon Apr 09 11:14:03 +0000 2018,0.625,0.223,0.152,83,@nytimes
0.052,Mon Apr 09 11:00:13 +0000 2018,0.81,0.09,0.1,84,@nytimes
-0.153,Mon Apr 09 10:44:06 +0000 2018,0.926,0.074,0.0,85,@nytimes
0.459,Mon Apr 09 10:31:06 +0000 2018,0.84,0.0,0.16,86,@nytimes
-0.772,Mon Apr 09 10:17:02 +0000 2018,0.675,0.325,0.0,87,@nytimes
0.0,Mon Apr 09 10:07:07 +0000 2018,1.0,0.0,0.0,88,@nytimes
0.273,Mon Apr 09 10:00:19 +0000 2018,0.9,0.0,0.1,89,@nytimes
-0.66,Mon Apr 09 09:44:01 +0000 2018,0.748,0.252,0.0,90,@nytimes
-0.7,Mon Apr 09 09:29:01 +0000 2018,0.734,0.266,0.0,91,@nytimes
0.527,Mon Apr 09 09:16:04 +0000 2018,0.815,0.0,0.185,92,@nytimes
0.278,Mon Apr 09 08:59:04 +0000 2018,0.823,0.064,0.113,93,@nytimes
0.422,Mon Apr 09 08:46:02 +0000 2018,0.872,0.0,0.128,94,@nytimes
0.026,Mon Apr 09 08:31:05 +0000 2018,0.939,0.0,0.061,95,@nytimes
-0.34,Mon Apr 09 08:16:06 +0000 2018,0.766,0.149,0.086,96,@nytimes
0.422,Mon Apr 09 07:59:03 +0000 2018,0.859,0.0,0.141,97,@nytimes
0.0,Mon Apr 09 07:44:04 +0000 2018,1.0,0.0,0.0,98,@nytimes
-0.25,Mon Apr 09 07:30:15 +0000 2018,0.818,0.182,0.0,99,@nytimes
0.273,Mon Apr 09 07:21:00 +0000 2018,0.9,0.0,0.1,100,@nytimes
